<wraprec>
	<params>
		<param name="data-root" value="data" />
		<param name="result-folder" value="data/results" />
		<param name="csv-class2" value="WrapRec.IO.CsvReader" />
	</params>	
	<models>
		<model id="mlbprfm" class="WrapRec.Extensions.dll:WrapRec.Extensions.Models.MmlBprfmRecommender">
			<parameters ml-class="WrapRec.Extensions.dll:WrapRec.Extensions.Models.MultiLevelBPRFM" NumFactors="10" NumIter="300"
				PosSampler="UniformFeedback" UnobservedRatio="1"
				UnobservedNegSampler="UniformItem" NumObservedNeg="" NumUnobservedNeg="" />
		</model>
		<model id="bpr" class="WrapRec.Extensions.dll:WrapRec.Extensions.Models.MmlBprfmRecommender">
			<parameters ml-class="WrapRec.Extensions.dll:WrapRec.Extensions.Models.MultiLevelBPRFM" NumFactors="10" NumIter="300"
				PosSampler="UniformFeedback" UnobservedRatio="1"
				UnobservedNegSampler="UniformItem" NumObservedNeg="" NumUnobservedNeg="" />
		</model>
		<model id="bprfm" class="WrapRec.Extensions.dll:WrapRec.Extensions.Models.MmlBprfmRecommender">
			<parameters ml-class="WrapRec.Extensions.dll:WrapRec.Extensions.Models.MultiLevelBPRFM" NumFactors="10" NumIter="300"
				PosSampler="DynamicLevel" UnobservedRatio="1"
				UnobservedNegSampler="UniformItem" NumObservedNeg="" NumUnobservedNeg="" />
		</model>
		<model id="wrmf" class="WrapRec.Models.MmlRecommender">
	    	<parameters ml-class="WrapRec.Extensions.dll:WrapRec.Extensions.Models.WrapRecWRMF" NumFactors="10" NumIter="300" Regularization="0.015,0.005,0.05" />
		</model>
		<model id="iknn" class="WrapRec.Models.MmlRecommender">
	    	<parameters ml-class="MyMediaLite.dll:MyMediaLite.ItemRecommendation.ItemKNN" />
		</model>
		<model id="uknn" class="WrapRec.Models.MmlRecommender">
	    	<parameters ml-class="MyMediaLite.dll:MyMediaLite.ItemRecommendation.UserKNN" K="10"/>
		</model>
		<model id="bprslim" class="WrapRec.Models.MmlRecommender">
	    	<parameters ml-class="MyMediaLite.dll:MyMediaLite.ItemRecommendation.BPRSLIM" NumIter="300" />
		</model>
		<model id="pop" class="WrapRec.Models.MmlRecommender">
	    	<parameters ml-class="MyMediaLite.dll:MyMediaLite.ItemRecommendation.MostPopular" ByUser="False" />
		</model>
 		<model id="tbmlbprfm" class="WrapRec.Extensions.dll:WrapRec.Extensions.Models.MmlBprfmRecommender">
			<parameters ml-class="WrapRec.Extensions.dll:WrapRec.Extensions.Models.TimeBasedMultiLevelBPRFM" NumFactors="10" NumIter="300"
				PosSampler="UniformFeedback" UnobservedRatio="0.9"
 				UnobservedNegSampler="UniformItem" NumObservedNeg="" NumUnobservedNeg="" />
		</model>
   	</models>
	
	<data>
		<dataReaders>
			<reader id="ml1m-ml-f1" path="{data-root}/movielens/ml-1m/ratings_f1.dat" sliceType="train" dataType="ratings"
				class="{csv-class2}" hasHeader="false" header="userId,itemId,level,timestamp:n" delimiter="::" level="1" />
			<reader id="ml1m-ml-f2" path="{data-root}/movielens/ml-1m/ratings_f2.dat" sliceType="train" dataType="ratings"
				class="{csv-class2}" hasHeader="false" header="userId,itemId,level,timestamp:n" delimiter="::" level="1" />
			<reader id="ml1m-ml-f3" path="{data-root}/movielens/ml-1m/ratings_f3.dat" sliceType="test" dataType="ratings"
				class="{csv-class2}" hasHeader="false" header="userId,itemId,level,timestamp:n" delimiter="::" level="1" />
			<reader id="ml1m-ml-f4" path="{data-root}/movielens/ml-1m/ratings_f4.dat" sliceType="train" dataType="ratings"
				class="{csv-class2}" hasHeader="false" header="userId,itemId,level,timestamp:n" delimiter="::" level="1" />
		</dataReaders>

		<dataContainers>
			<dataContainer id="ml1m" dataReaders="ml1m-ml-f1,ml1m-ml-f2,ml1m-ml-f3,ml1m-ml-f4" allowDuplicates="false" />
		</dataContainers>
	</data>

	<splits>
		<split id="no-aux" type="static" dataContainer="ml1m" />
	</splits>
	
	<evalContexts>
		<evalContext id="rating-ranking">
			<evaluator class="WrapRec.Evaluation.RatingBasedRankingEvaluators" candidateItemsMode="overlap" cutOffs="5,10,20" />
			<evaluator class="WrapRec.Evaluation.RatingBasedRankingEvaluatorsOpr" candidateItemsMode="overlap" cutOffs="5,10,20" />
		</evalContext>
	</evalContexts>
	
	<experiments run="ml1m-f3" parallel="false" resultsFolder="{result-folder}" subFolder="false" separator="," verbosity="info">
		<experiment id="ml1m-f3" models="mlbprfm" splits="no-aux" evalContext="rating-ranking" multiEval="10" />
		<experiment id="ml1m-f3-wrmf" models="wrmf" splits="no-aux" evalContext="rating-ranking" />
		<experiment id="ml1m-f3-iknn" models="iknn" splits="no-aux" evalContext="rating-ranking" />
		<experiment id="ml1m-f3-uknn" models="uknn" splits="no-aux" evalContext="rating-ranking" />
		<experiment id="ml1m-f3-bpr" models="bpr" splits="no-aux" evalContext="rating-ranking" />
		<experiment id="ml1m-f3-bprfm" models="bprfm" splits="no-aux" evalContext="rating-ranking" />
		<experiment id="ml1m-f3-pop" models="pop" splits="no-aux" evalContext="rating-ranking" />
		<experiment id="ml1m-f3-bprfm" models="bprfm" splits="no-aux" evalContext="rating-ranking" />
		<experiment id="ml1m-f3-bprslim" models="bprslim" splits="no-aux" evalContext="rating-ranking" />
	</experiments>
</wraprec>
