<wraprec>
	<params>
		<param name="data-root" value="" />
		<param name="result-folder" value="/results" />
		<param name="csv-class2" value="WrapRec.Extensions.dll:WrapRec.Extensions.IO.RatingAsMultiLevelFeedbackCsvReader" />
	</params>	
	<models>
		<model id="mlbprfm" class="WrapRec.Extensions.dll:WrapRec.Extensions.Models.MmlBprfmRecommender">
			<parameters ml-class="WrapRec.Extensions.dll:WrapRec.Extensions.Models.MultiLevelBPRFM" NumFactors="10" NumIter="300"
				PosSampler="UniformFeedback,DynamicLevel" UnobservedRatio="1"
				UnobservedNegSampler="UniformItem,UniformFeedback,DynamicLevel,Dynamic" NumObservedNeg="" NumUnobservedNeg="" />
		</model>
	</models>
	
	<data>
		<dataReaders>
			<reader id="ml1m-ml-f1" path="{data-root}/movielens/ml-1m/ratings_f1.dat" sliceType="test" dataType="ratings"
				class="{csv-class2}" hasHeader="false" header="userId,itemId,level,timestamp:n" delimiter="::" level="1" />
			<reader id="ml1m-ml-f2" path="{data-root}/movielens/ml-1m/ratings_f2.dat" sliceType="train" dataType="ratings"
				class="{csv-class2}" hasHeader="false" header="userId,itemId,level,timestamp:n" delimiter="::" level="1" />
			<reader id="ml1m-ml-f3" path="{data-root}/movielens/ml-1m/ratings_f3.dat" sliceType="train" dataType="ratings"
				class="{csv-class2}" hasHeader="false" header="userId,itemId,level,timestamp:n" delimiter="::" level="1" />
			<reader id="ml1m-ml-f4" path="{data-root}/movielens/ml-1m/ratings_f4.dat" sliceType="train" dataType="ratings"
				class="{csv-class2}" hasHeader="false" header="userId,itemId,level,timestamp:n" delimiter="::" level="1" />
		</dataReaders>

		<dataContainers>
			<dataContainer id="ml1m" dataReaders="ml1m-ml-f1,ml1m-ml-f2,ml1m-ml-f3,ml1m-ml-f4" allowDuplicates="false" />
		</dataContainers>
	</data>

	<splits>
		<split id="no-aux" type="static" dataContainer="ml1m" />
	</splits>
	
	<evalContexts>
		<evalContext id="rating-ranking">
			<evaluator class="WrapRec.Evaluation.RatingBasedRankingEvaluators" candidateItemsMode="overlap" numCandidates="1000" cutOffs="5,10,20" />
			<evaluator class="WrapRec.Evaluation.RatingBasedRankingEvaluatorsOpr" candidateItemsMode="overlap" numCandidates="1000" cutOffs="5,10,20" />
		</evalContext>
	</evalContexts>
	
	<experiments run="ml1m-f1" parallel="false" resultsFolder="{result-folder}" subFolder="false" separator="," verbosity="info">
		<experiment id="ml1m-f1" models="mlbprfm" splits="no-aux" evalContext="rating-ranking" multiEval="10" />
	</experiments>
</wraprec>
